,Close,RSI,MACD_Histogram,ATR,MFI,SO_%K,SO_%D,ADX,+DI,-DI,CMF,ROC,PSAR
Close,1.0,0.12038284486465603,-0.009230406496462274,0.6684771677090043,0.155376789896058,0.10409291703639317,0.11545387341528912,0.08468820564687711,0.11265766658755047,0.024747547259298463,-0.025788402967178884,0.08130320545139492,0.9758615244688967
RSI,0.12038284486465603,1.0,0.6227291933818807,0.18859241857523704,0.808133717977329,0.7812453098345403,0.8315809667850076,0.3315125313596147,0.8544381002335905,-0.745560962122808,0.4225339627013809,0.7578765007296379,-0.020323639549274488
MACD_Histogram,-0.009230406496462274,0.6227291933818807,1.0,-0.0435098696408135,0.49697962212485836,0.606739740229975,0.6560651323843428,0.17734372746196628,0.6030725645472542,-0.566391279721862,0.2701237328894757,0.7565925919205316,-0.16874337939236594
ATR,0.6684771677090043,0.18859241857523704,-0.0435098696408135,1.0,0.17292784586768123,0.11343417963147025,0.14023509833881959,0.2806899137448794,0.16732746825968958,0.0823190601614233,0.00646996650334902,0.09142520418779068,0.6387798937169663
MFI,0.155376789896058,0.808133717977329,0.49697962212485836,0.17292784586768123,1.0,0.6121872488709597,0.6596406624321833,0.252713379122089,0.6915046410574027,-0.5939349963997109,0.45213296006642534,0.6041246536894774,0.04166853389865484
SO_%K,0.10409291703639317,0.7812453098345403,0.606739740229975,0.11343417963147025,0.6121872488709597,1.0,0.9174277503098471,0.2395885996371694,0.6194862877165963,-0.47481055228188324,0.43161710724899915,0.6926338604363673,-0.056941593388070824
SO_%D,0.11545387341528912,0.8315809667850076,0.6560651323843428,0.14023509833881959,0.6596406624321833,0.9174277503098471,1.0,0.27473124787041087,0.6986540452170598,-0.5400745669904646,0.4574739646834236,0.7270377762081611,-0.044819338738265706
ADX,0.08468820564687711,0.3315125313596147,0.17734372746196628,0.2806899137448794,0.252713379122089,0.2395885996371694,0.27473124787041087,1.0,0.3121790190823445,-0.17261178106944425,0.11345108067854012,0.3001735413969233,0.044872041107864254
+DI,0.11265766658755047,0.8544381002335905,0.6030725645472542,0.16732746825968958,0.6915046410574027,0.6194862877165963,0.6986540452170598,0.3121790190823445,1.0,-0.6522153903529244,0.42023944140660563,0.7613263360934782,0.010860837424593166
-DI,0.024747547259298463,-0.745560962122808,-0.566391279721862,0.0823190601614233,-0.5939349963997109,-0.47481055228188324,-0.5400745669904646,-0.17261178106944425,-0.6522153903529244,1.0,-0.26137513440793014,-0.660078140818295,0.11864934448566357
CMF,-0.025788402967178884,0.4225339627013809,0.2701237328894757,0.00646996650334902,0.45213296006642534,0.43161710724899915,0.4574739646834236,0.11345108067854012,0.42023944140660563,-0.26137513440793014,1.0,0.4252513284889949,-0.0825199285780652
ROC,0.08130320545139492,0.7578765007296379,0.7565925919205316,0.09142520418779068,0.6041246536894774,0.6926338604363673,0.7270377762081611,0.3001735413969233,0.7613263360934782,-0.660078140818295,0.4252513284889949,1.0,-0.05257789153393255
PSAR,0.9758615244688967,-0.020323639549274488,-0.16874337939236594,0.6387798937169663,0.04166853389865484,-0.056941593388070824,-0.044819338738265706,0.044872041107864254,0.010860837424593166,0.11864934448566357,-0.0825199285780652,-0.05257789153393255,1.0
